-------------------Currency---------------------------------------------------------------------------------------------------------------------------
INSERT INTO currency (currency_name, currencyCode, currency_symbol, conversion_to_euro) VALUES ('Leke', 'ALL', 'Lek', 0.0085);
INSERT INTO currency (currency_name, currencyCode, currency_symbol, conversion_to_euro) VALUES ('Dollars', 'USD', '$', 0.93);
INSERT INTO currency (currency_name, currencyCode, currency_symbol, conversion_to_euro) VALUES ('Afghanis', 'AFN', '؋', 0.010);
INSERT INTO currency (currency_name, currencyCode, currency_symbol, conversion_to_euro) VALUES ('Pesos', 'ARS', '$', 0.0074);
INSERT INTO currency (currency_name, currencyCode, currency_symbol, conversion_to_euro) VALUES ('Guilders', 'AWG', 'ƒ', 0.52);
INSERT INTO currency (currency_name, currencyCode, currency_symbol, conversion_to_euro) VALUES ('Dollars', 'AUD', '$', 0.60);
INSERT INTO currency (currency_name, currencyCode, currency_symbol, conversion_to_euro) VALUES ('New Manats', 'AZN', 'ман', 0.55);
INSERT INTO currency (currency_name, currencyCode, currency_symbol, conversion_to_euro) VALUES ('Dollars', 'BSD', '$', 0.93);
INSERT INTO currency (currency_name, currencyCode, currency_symbol, conversion_to_euro) VALUES ('Dollars', 'BBD', '$', 0.47);
INSERT INTO currency (currency_name, currencyCode, currency_symbol, conversion_to_euro) VALUES ('Rubles', 'BYR', 'p.', 0.00037);
INSERT INTO currency (currency_name, currencyCode, currency_symbol, conversion_to_euro) VALUES ('Euro', 'EUR', '€', 1.00);
INSERT INTO currency (currency_name, currencyCode, currency_symbol, conversion_to_euro) VALUES ('Dollars', 'BZD', 'BZ$', 0.47);
INSERT INTO currency (currency_name, currencyCode, currency_symbol, conversion_to_euro) VALUES ('Dollars', 'BMD', '$', 0.93);
INSERT INTO currency (currency_name, currencyCode, currency_symbol, conversion_to_euro) VALUES ('Bolivianos', 'BOB', '$b', 0.13);
INSERT INTO currency (currency_name, currencyCode, currency_symbol, conversion_to_euro) VALUES ('Convertible Marka', 'BAM', 'KM', 0.51);
INSERT INTO currency (currency_name, currencyCode, currency_symbol, conversion_to_euro) VALUES ('Pula', 'BWP', 'P', 0.069);
INSERT INTO currency (currency_name, currencyCode, currency_symbol, conversion_to_euro) VALUES ('Leva', 'BGN', 'лв', 0.51);
INSERT INTO currency (currency_name, currencyCode, currency_symbol, conversion_to_euro) VALUES ('Reais', 'BRL', 'R$', 0.18);
INSERT INTO currency (currency_name, currencyCode, currency_symbol, conversion_to_euro) VALUES ('Pounds', 'GBP', '£', 1.16);
INSERT INTO currency (currency_name, currencyCode, currency_symbol, conversion_to_euro) VALUES ('Dollars', 'BND', '$', 0.69);
INSERT INTO currency (currency_name, currencyCode, currency_symbol, conversion_to_euro) VALUES ('Riels', 'KHR', '៛', 0.00023);
INSERT INTO currency (currency_name, currencyCode, currency_symbol, conversion_to_euro) VALUES ('Dollars', 'CAD', '$', 0.63);
INSERT INTO currency (currency_name, currencyCode, currency_symbol, conversion_to_euro) VALUES ('Dollars', 'KYD', '$', 1.12);
INSERT INTO currency (currency_name, currencyCode, currency_symbol, conversion_to_euro) VALUES ('Pesos', 'CLP', '$', 0.0012);
INSERT INTO currency (currency_name, currencyCode, currency_symbol, conversion_to_euro) VALUES ('Yuan Renminbi', 'CNY', '¥', 0.12);
INSERT INTO currency (currency_name, currencyCode, currency_symbol, conversion_to_euro) VALUES ('Pesos', 'COP', '$', 0.00021);
INSERT INTO currency (currency_name, currencyCode, currency_symbol, conversion_to_euro) VALUES ('Colón', 'CRC', '₡', 0.0016);
INSERT INTO currency (currency_name, currencyCode, currency_symbol, conversion_to_euro) VALUES ('Kuna', 'HRK', 'kn', 0.13);
INSERT INTO currency (currency_name, currencyCode, currency_symbol, conversion_to_euro) VALUES ('Pesos', 'CUP', '₱', 0.035);
INSERT INTO currency (currency_name, currencyCode, currency_symbol, conversion_to_euro) VALUES ('Koruny', 'CZK', 'Kč', 0.041);
INSERT INTO currency (currency_name, currencyCode, currency_symbol, conversion_to_euro) VALUES ('Kroner', 'DKK', 'kr', 0.13);
INSERT INTO currency (currency_name, currencyCode, currency_symbol, conversion_to_euro) VALUES ('Pesos', 'DOP', 'RD$', 0.016);
INSERT INTO currency (currency_name, currencyCode, currency_symbol, conversion_to_euro) VALUES ('Dollars', 'XCD', '$', 0.34);
INSERT INTO currency (currency_name, currencyCode, currency_symbol, conversion_to_euro) VALUES ('Pounds', 'EGP', '£', 0.030);
INSERT INTO currency (currency_name, currencyCode, currency_symbol, conversion_to_euro) VALUES ('Colones', 'SVC', '$', 0.11);
INSERT INTO currency (currency_name, currencyCode, currency_symbol, conversion_to_euro) VALUES ('Pounds', 'FKP', '£', 1.16);
INSERT INTO currency (currency_name, currencyCode, currency_symbol, conversion_to_euro) VALUES ('Dollars', 'FJD', '$', 0.42);
INSERT INTO currency (currency_name, currencyCode, currency_symbol, conversion_to_euro) VALUES ('Cedis', 'GHC', '¢', 0.080);
INSERT INTO currency (currency_name, currencyCode, currency_symbol, conversion_to_euro) VALUES ('Pounds', 'GIP', '£', 1.16);
INSERT INTO currency (currency_name, currencyCode, currency_symbol, conversion_to_euro) VALUES ('Quetzales', 'GTQ', 'Q', 0.12);
INSERT INTO currency (currency_name, currencyCode, currency_symbol, conversion_to_euro) VALUES ('Pounds', 'GGP', '£', 1.16);
INSERT INTO currency (currency_name, currencyCode, currency_symbol, conversion_to_euro) VALUES ('Dollars', 'GYD', '$', 0.0044);
INSERT INTO currency (currency_name, currencyCode, currency_symbol, conversion_to_euro) VALUES ('Lempiras', 'HNL', 'L', 0.038);
INSERT INTO currency (currency_name, currencyCode, currency_symbol, conversion_to_euro) VALUES ('Dollars', 'HKD', '$', 0.12);
INSERT INTO currency (currency_name, currencyCode, currency_symbol, conversion_to_euro) VALUES ('Forint', 'HUF', 'Ft', 0.0027);
INSERT INTO currency (currency_name, currencyCode, currency_symbol, conversion_to_euro) VALUES ('Kronur', 'ISK', 'kr', 0.0068);
INSERT INTO currency (currency_name, currencyCode, currency_symbol, conversion_to_euro) VALUES ('Rupees', 'INR', '₹', 0.011);
INSERT INTO currency (currency_name, currencyCode, currency_symbol, conversion_to_euro) VALUES ('Rupiahs', 'IDR', 'Rp', 0.000061);
INSERT INTO currency (currency_name, currencyCode, currency_symbol, conversion_to_euro) VALUES ('Rials', 'IRR', '﷼', 0.000022);
INSERT INTO currency (currency_name, currencyCode, currency_symbol, conversion_to_euro) VALUES ('Pounds', 'IMP', '£', 1.16);
INSERT INTO currency (currency_name, currencyCode, currency_symbol, conversion_to_euro) VALUES ('New Shekels', 'ILS', '₪', 0.24);
INSERT INTO currency (currency_name, currencyCode, currency_symbol, conversion_to_euro) VALUES ('Dollars', 'JMD', 'J$', 0.0060);
INSERT INTO currency (currency_name, currencyCode, currency_symbol, conversion_to_euro) VALUES ('Yen', 'JPY', '¥', 0.0069);
INSERT INTO currency (currency_name, currencyCode, currency_symbol, conversion_to_euro) VALUES ('Pounds', 'JEP', '£', 1.16);
INSERT INTO currency (currency_name, currencyCode, currency_symbol, conversion_to_euro) VALUES ('Tenge', 'KZT', 'лв', 0.0021);
INSERT INTO currency (currency_name, currencyCode, currency_symbol, conversion_to_euro) VALUES ('Won', 'KPW', '₩', 0.00010);
INSERT INTO currency (currency_name, currencyCode, currency_symbol, conversion_to_euro) VALUES ('Won', 'KRW', '₩', 0.00071);
INSERT INTO currency (currency_name, currencyCode, currency_symbol, conversion_to_euro) VALUES ('Soms', 'KGS', 'лв', 0.010);
INSERT INTO currency (currency_name, currencyCode, currency_symbol, conversion_to_euro) VALUES ('Kips', 'LAK', '₭', 0.000045);
INSERT INTO currency (currency_name, currencyCode, currency_symbol, conversion_to_euro) VALUES ('Lati', 'LVL', 'Ls', 1.42);
INSERT INTO currency (currency_name, currencyCode, currency_symbol, conversion_to_euro) VALUES ('Pounds', 'LBP', '£', 0.00062);
INSERT INTO currency (currency_name, currencyCode, currency_symbol, conversion_to_euro) VALUES ('Dollars', 'LRD', '$', 0.0049);
INSERT INTO currency (currency_name, currencyCode, currency_symbol, conversion_to_euro) VALUES ('Switzerland Francs', 'CHF', 'CHF', 0.97);
INSERT INTO currency (currency_name, currencyCode, currency_symbol, conversion_to_euro) VALUES ('Litai', 'LTL', 'Lt', 0.29);
INSERT INTO currency (currency_name, currencyCode, currency_symbol, conversion_to_euro) VALUES ('Denars', 'MKD', 'ден', 0.016);
INSERT INTO currency (currency_name, currencyCode, currency_symbol, conversion_to_euro) VALUES ('Ringgits', 'MYR', 'RM', 0.20);
INSERT INTO currency (currency_name, currencyCode, currency_symbol, conversion_to_euro) VALUES ('Rupees', 'MVR', 'Rf', 0.060);
INSERT INTO currency (currency_name, currencyCode, currency_symbol, conversion_to_euro) VALUES ('Ouguiyas', 'MRO', 'UM', 0.0026);
INSERT INTO currency (currency_name, currencyCode, currency_symbol, conversion_to_euro) VALUES ('Pesos', 'MXN', '$', 0.051);
INSERT INTO currency (currency_name, currencyCode, currency_symbol, conversion_to_euro) VALUES ('Tugriks', 'MNT', '₮', 0.00027);
INSERT INTO currency (currency_name, currencyCode, currency_symbol, conversion_to_euro) VALUES ('Meticais', 'MZN', 'MT', 0.014);
INSERT INTO currency (currency_name, currencyCode, currency_symbol, conversion_to_euro) VALUES ('Dollars', 'NAD', '$', 0.046);
INSERT INTO currency (currency_name, currencyCode, currency_symbol, conversion_to_euro) VALUES ('Rupees', 'NPR', '₨', 0.0071);
INSERT INTO currency (currency_name, currencyCode, currency_symbol, conversion_to_euro) VALUES ('Guilders', 'ANG', 'ƒ', 0.52);
INSERT INTO currency (currency_name, currencyCode, currency_symbol, conversion_to_euro) VALUES ('Dollars', 'NZD', '$', 0.55);
INSERT INTO currency (currency_name, currencyCode, currency_symbol, conversion_to_euro) VALUES ('Cordobas', 'NIO', 'C$', 0.025);
INSERT INTO currency (currency_name, currencyCode, currency_symbol, conversion_to_euro) VALUES ('Nairas', 'NGN', '₦', 0.0010);
INSERT INTO currency (currency_name, currencyCode, currency_symbol, conversion_to_euro) VALUES ('Kroner', 'NOK', 'kr', 0.086);
INSERT INTO currency (currency_name, currencyCode, currency_symbol, conversion_to_euro) VALUES ('Rials', 'OMR', '﷼', 2.38);
INSERT INTO currency (currency_name, currencyCode, currency_symbol, conversion_to_euro) VALUES ('Rupees', 'PKR', '₨', 0.0032);
INSERT INTO currency (currency_name, currencyCode, currency_symbol, conversion_to_euro) VALUES ('Balboas', 'PAB', 'B/.', 0.93);
INSERT INTO currency (currency_name, currencyCode, currency_symbol, conversion_to_euro) VALUES ('Guarani', 'PYG', 'Gs', 0.00013);
INSERT INTO currency (currency_name, currencyCode, currency_symbol, conversion_to_euro) VALUES ('Nuevo Sol', 'PEN', 'S/.', 0.24);
INSERT INTO currency (currency_name, currencyCode, currency_symbol, conversion_to_euro) VALUES ('Pesos', 'PHP', '₱', 0.016);
INSERT INTO currency (currency_name, currencyCode, currency_symbol, conversion_to_euro) VALUES ('Zlotych', 'PLN', 'zł', 0.22);
INSERT INTO currency (currency_name, currencyCode, currency_symbol, conversion_to_euro) VALUES ('Rials', 'QAR', '﷼', 0.26);
INSERT INTO currency (currency_name, currencyCode, currency_symbol, conversion_to_euro) VALUES ('New Lei', 'RON', 'lei', 0.20);
INSERT INTO currency (currency_name, currencyCode, currency_symbol, conversion_to_euro) VALUES ('Rubles', 'RUB', '₽', 0.010);
INSERT INTO currency (currency_name, currencyCode, currency_symbol, conversion_to_euro) VALUES ('Pounds', 'SHP', '£', 1.16);
INSERT INTO currency (currency_name, currencyCode, currency_symbol, conversion_to_euro) VALUES ('Riyals', 'SAR', '﷼', 0.25);
INSERT INTO currency (currency_name, currencyCode, currency_symbol, conversion_to_euro) VALUES ('Dinars', 'RSD', 'Дин.', 0.0085);
INSERT INTO currency (currency_name, currencyCode, currency_symbol, conversion_to_euro) VALUES ('Rupees', 'SCR', '₨', 0.054);
INSERT INTO currency (currency_name, currencyCode, currency_symbol, conversion_to_euro) VALUES ('Dollars', 'SGD', '$', 0.69);
INSERT INTO currency (currency_name, currencyCode, currency_symbol, conversion_to_euro) VALUES ('Dollars', 'SBD', '$', 0.11);
INSERT INTO currency (currency_name, currencyCode, currency_symbol, conversion_to_euro) VALUES ('Shillings', 'SOS', 'S', 0.0016);
INSERT INTO currency (currency_name, currencyCode, currency_symbol, conversion_to_euro) VALUES ('Rand', 'ZAR', 'R', 0.046);
INSERT INTO currency (currency_name, currencyCode, currency_symbol, conversion_to_euro) VALUES ('Rupees', 'LKR', '₨', 0.0023);
INSERT INTO currency (currency_name, currencyCode, currency_symbol, conversion_to_euro) VALUES ('Kronor', 'SEK', 'kr', 0.086);
INSERT INTO currency (currency_name, currencyCode, currency_symbol, conversion_to_euro) VALUES ('Dollars', 'SRD', '$', 0.024);
INSERT INTO currency (currency_name, currencyCode, currency_symbol, conversion_to_euro) VALUES ('Pounds', 'SYP', '£', 0.00037);
INSERT INTO currency (currency_name, currencyCode, currency_symbol, conversion_to_euro) VALUES ('Dollars', 'TWD', 'NT$', 0.030);
INSERT INTO currency (currency_name, currencyCode, currency_symbol, conversion_to_euro) VALUES ('Shillings', 'TZS', 'TSh', 0.00038);
INSERT INTO currency (currency_name, currencyCode, currency_symbol, conversion_to_euro) VALUES ('Baht', 'THB', '฿', 0.026);
INSERT INTO currency (currency_name, currencyCode, currency_symbol, conversion_to_euro) VALUES ('Dollars', 'TTD', 'TT$', 0.14);
INSERT INTO currency (currency_name, currencyCode, currency_symbol, conversion_to_euro) VALUES ('Lira', 'TRY', '₺', 0.033);
INSERT INTO currency (currency_name, currencyCode, currency_symbol, conversion_to_euro) VALUES ('Liras', 'TRL', '£', 0.000048);
INSERT INTO currency (currency_name, currencyCode, currency_symbol, conversion_to_euro) VALUES ('Dollars', 'TVD', '$', 0.60);
INSERT INTO currency (currency_name, currencyCode, currency_symbol, conversion_to_euro) VALUES ('Hryvnia', 'UAH', '₴', 0.025);
INSERT INTO currency (currency_name, currencyCode, currency_symbol, conversion_to_euro) VALUES ('Shillings', 'UGX', 'USh', 0.00024);
INSERT INTO currency (currency_name, currencyCode, currency_symbol, conversion_to_euro) VALUES ('Pesos', 'UYU', '$U', 0.022);
INSERT INTO currency (currency_name, currencyCode, currency_symbol, conversion_to_euro) VALUES ('Sums', 'UZS', 'лв', 0.000074);
INSERT INTO currency (currency_name, currencyCode, currency_symbol, conversion_to_euro) VALUES ('Bolivares Fuertes', 'VEF', 'Bs', 0.000037);
INSERT INTO currency (currency_name, currencyCode, currency_symbol, conversion_to_euro) VALUES ('Dong', 'VND', '₫', 0.000039);
INSERT INTO currency (currency_name, currencyCode, currency_symbol, conversion_to_euro) VALUES ('Rials', 'YER', '﷼', 0.0037);
INSERT INTO currency (currency_name, currencyCode, currency_symbol, conversion_to_euro) VALUES ('Kwacha', 'ZMK', 'ZK', 0.000087);
INSERT INTO currency (currency_name, currencyCode, currency_symbol, conversion_to_euro) VALUES ('Dollars', 'ZWD', 'Z$', 0.0028);
------------------------------------------------------------------------------------------------------------------------------------------------------



-------------------Person-----------------------------------------------------------------------------------------------------------------------------
INSERT INTO Person (personId, email, password, name, surname)
VALUES
(1, 'john.doe@example.com', 'hashed_password_123', 'John', 'Doe'),
(2, 'jane.smith@example.com', 'hashed_password_456', 'Jane', 'Smith');
------------------------------------------------------------------------------------------------------------------------------------------------------



-------------------Account----------------------------------------------------------------------------------------------------------------------------
INSERT INTO Account (id, accountName, balance, personId, currencyCode)
VALUES
(1, 'Main Checking', 1500.00, 1, 'EUR'),
(2, 'Savings USD', 2500.00, 1, 'USD'),
(3, 'Jane’s Account', 1200.00, 2, 'HRK');
------------------------------------------------------------------------------------------------------------------------------------------------------



-------------------Category---------------------------------------------------------------------------------------------------------------------------
INSERT INTO Category (id, categoryName, personId)
VALUES
(1, 'Groceries', 1),
(2, 'Utilities', 1),
(3, 'Entertainment', 2),
(4, 'Rent', 2);
------------------------------------------------------------------------------------------------------------------------------------------------------



-------------------Transaction------------------------------------------------------------------------------------------------------------------------

INSERT INTO Transaction (id, dateOfTransaction, transactionName, transactionAmount,transactionType, note, isDone, currencyCode, categoryID, accountID)
VALUES
(1, '2025-04-10 14:30:00', 'Lidl Groceries', 75.20, 'Expense', 'Weekly shopping', true, 'EUR', 1, 1),
(2, '2025-04-12 18:00:00', 'April Rent', 500.00, 'Expense', 'Paid via bank transfer', true, 'HRK', 1, 2),
(3, '2025-04-11 09:00:00', 'Salary', 2000.00, 'Income', 'Monthly salary', true, 'EUR', 2, 2);
------------------------------------------------------------------------------------------------------------------------------------------------------